sku,slug,name,brand,category,line,business_model,price_npr,cost_npr,daraz_price_npr,india_list_inr,margin_pct,landed_est_npr,price_confidence,source_url,target_persona,content_angle,b2b_only,stock_priority
ETP-001,ikonic-pedicure-station-royal-black,Ikonic Pedicure Station Royal - Black,Ikonic,Salon Furniture & Equipment,Profit,B2B,464640,232320,,200000,50.0,232320,NO-NEPAL-LISTING,https://www.ikonicworld.com/products/ik-2013c-62-pedicure-station,Salon / parlour owner fitting or upgrading a floor,Payback maths on camera: chair cost vs monthly chair revenue,true,1
ETP-002,autumn-electric-bed,Autumn Electric Bed,Ikonic,Salon Furniture & Equipment,Profit,B2B,436760,218380,,188000,50.0,218381,NO-NEPAL-LISTING,https://www.ikonicworld.com/products/autumn-electric-bed,Salon / parlour owner fitting or upgrading a floor,Payback maths on camera: chair cost vs monthly chair revenue,true,1
ETP-003,ikonic-electrical-bed-calypso,Ikonic Electrical Bed Calypso,Ikonic,Salon Furniture & Equipment,Profit,B2B,269490,134745,,116000,50.0,134746,NO-NEPAL-LISTING,https://www.ikonicworld.com/products/calypso-electric-facial-massage-chair-beige,Salon / parlour owner fitting or upgrading a floor,Payback maths on camera: chair cost vs monthly chair revenue,true,1
ETP-004,charmaine-shampoo-bed-with-pedicure-basin,Charmaine Shampoo Bed With Pedicure Basin,Ikonic,Salon Furniture & Equipment,Profit,B2B,195150,97575,,84000,50.0,97574,NO-NEPAL-LISTING,https://www.ikonicworld.com/products/charmaine-shampoo-bed-with-pedicure-basin-black,Salon / parlour owner fitting or upgrading a floor,Payback maths on camera: chair cost vs monthly chair revenue,true,1
ETP-005,ikonic-barber-chair-felix,Ikonic Barber Chair Felix,Ikonic,Salon Furniture & Equipment,Profit,B2B,195150,97575,,84000,50.0,97574,NO-NEPAL-LISTING,https://www.ikonicworld.com/products/ik-8781-barber-chair-black,Salon / parlour owner fitting or upgrading a floor,Payback maths on camera: chair cost vs monthly chair revenue,true,1
ETP-006,ikonic-barber-chair-maverick,Ikonic Barber Chair Maverick,Ikonic,Salon Furniture & Equipment,Profit,B2B,185860,92930,,80000,50.0,92928,NO-NEPAL-LISTING,https://www.ikonicworld.com/products/ik-8779-1-barber-chair-green,Salon / parlour owner fitting or upgrading a floor,Payback maths on camera: chair cost vs monthly chair revenue,true,1
ETP-007,ikonic-barber-chair-bruno,Ikonic Barber Chair Bruno,Ikonic,Salon Furniture & Equipment,Profit,B2B,184930,92465,,79600,50.0,92463,NO-NEPAL-LISTING,https://www.ikonicworld.com/products/ik-8777-black,Salon / parlour owner fitting or upgrading a floor,Payback maths on camera: chair cost vs monthly chair revenue,true,1
ETP-008,aoi-clamazone,AOI CLAMAZONE,Ikonic,Salon Furniture & Equipment,Profit,B2B,166340,83170,,71600,50.0,83171,NO-NEPAL-LISTING,https://www.ikonicworld.com/products/aoi-clamazone,Salon / parlour owner fitting or upgrading a floor,Payback maths on camera: chair cost vs monthly chair revenue,true,1
ETP-009,ikonic-shampoo-station-solimo,Ikonic Shampoo Station Solimo,Ikonic,Salon Furniture & Equipment,Profit,B2B,148680,74340,,64000,50.0,74342,NO-NEPAL-LISTING,https://www.ikonicworld.com/products/shampoo-station-chair-ik-1254,Salon / parlour owner fitting or upgrading a floor,Payback maths on camera: chair cost vs monthly chair revenue,true,1
ETP-010,ikonic-iku-micro-mist,Ikonic IKU MICRO MIST,Ikonic,Salon Furniture & Equipment,Profit,B2B,144040,72020,,62000,50.0,72019,NO-NEPAL-LISTING,https://www.ikonicworld.com/products/iku-micro-mist-white,Salon / parlour owner fitting or upgrading a floor,Payback maths on camera: chair cost vs monthly chair revenue,true,1
ETP-011,ikonic-shampoo-station-imperio,Ikonic Shampoo Station Imperio,Ikonic,Salon Furniture & Equipment,Profit,B2B,143110,71555,,61600,50.0,71555,NO-NEPAL-LISTING,https://www.ikonicworld.com/products/ikonic-imperio-shampoo-basin-chair-brown-ik-583-1,Salon / parlour owner fitting or upgrading a floor,Payback maths on camera: chair cost vs monthly chair revenue,true,1
ETP-012,ikonic-shampoo-station-kennedy,Ikonic Shampoo Station Kennedy,Ikonic,Salon Furniture & Equipment,Profit,B2B,137530,68765,,59200,50.0,68767,NO-NEPAL-LISTING,https://www.ikonicworld.com/products/ik-020-black,Salon / parlour owner fitting or upgrading a floor,Payback maths on camera: chair cost vs monthly chair revenue,true,1
ETP-013,ikonic-shampoo-station-george,Ikonic Shampoo Station George,Ikonic,Salon Furniture & Equipment,Profit,B2B,135670,67835,,58400,50.0,67837,NO-NEPAL-LISTING,https://www.ikonicworld.com/products/salon-shampoo-station-chair-ik-002,Salon / parlour owner fitting or upgrading a floor,Payback maths on camera: chair cost vs monthly chair revenue,true,1
ETP-014,ikonic-shampoo-chair-joseph,Ikonic Shampoo Chair Joseph,Ikonic,Salon Furniture & Equipment,Profit,B2B,127310,63655,,54800,50.0,63656,NO-NEPAL-LISTING,https://www.ikonicworld.com/products/ikonic-joseph-shampoo-chair-ik-78201-black,Salon / parlour owner fitting or upgrading a floor,Payback maths on camera: chair cost vs monthly chair revenue,true,1
ETP-015,ikonic-shampoo-station-zenith-coffee,Ikonic Shampoo Station Zenith - Coffee,Ikonic,Salon Furniture & Equipment,Profit,B2B,126380,63190,,54400,50.0,63191,NO-NEPAL-LISTING,https://www.ikonicworld.com/products/ikonic-zenith-shampoo-basin-chair-ik-78112-coffee,Salon / parlour owner fitting or upgrading a floor,Payback maths on camera: chair cost vs monthly chair revenue,true,1
ETP-016,aki-clamazone-standing,AKI CLAMAZONE STANDING,Ikonic,Salon Furniture & Equipment,Profit,B2B,95720,47860,,41200,50.0,47858,NO-NEPAL-LISTING,https://www.ikonicworld.com/products/aki-clamazone-standing,Salon / parlour owner fitting or upgrading a floor,Payback maths on camera: chair cost vs monthly chair revenue,true,1
ETP-017,ikonic-reclining-chair-milano,Ikonic Reclining Chair Milano,Ikonic,Salon Furniture & Equipment,Profit,B2B,92930,46465,,40000,50.0,46464,NO-NEPAL-LISTING,https://www.ikonicworld.com/products/ik-375a-grey,Salon / parlour owner fitting or upgrading a floor,Payback maths on camera: chair cost vs monthly chair revenue,true,1
ETP-018,ikonic-reclining-chair-milano-etp-018,Ikonic Reclining Chair Milano,Ikonic,Salon Furniture & Equipment,Profit,B2B,92930,46465,,40000,50.0,46464,NO-NEPAL-LISTING,https://www.ikonicworld.com/products/ik-375a-barber-chair-black,Salon / parlour owner fitting or upgrading a floor,Payback maths on camera: chair cost vs monthly chair revenue,true,1
ETP-019,ikonic-micro-mist-asa,Ikonic Micro Mist Asa,Ikonic,Salon Furniture & Equipment,Profit,B2B,90140,45070,,38800,50.0,45070,NO-NEPAL-LISTING,https://www.ikonicworld.com/products/ik-1408d-micro-hair-steamer,Salon / parlour owner fitting or upgrading a floor,Payback maths on camera: chair cost vs monthly chair revenue,true,1
ETP-020,kyo-pedi-spa-tub,KYO PEDI SPA TUB,Ikonic,Salon Furniture & Equipment,Profit,B2B,85490,42745,,36800,50.0,42747,NO-NEPAL-LISTING,https://www.ikonicworld.com/products/kyo-pedi-spa-tub,Salon / parlour owner fitting or upgrading a floor,Payback maths on camera: chair cost vs monthly chair revenue,true,1
ETP-021,ikonic-spa-bed-athena,Ikonic Spa Bed Athena,Ikonic,Salon Furniture & Equipment,Profit,B2B,83640,41820,,36000,50.0,41818,NO-NEPAL-LISTING,https://www.ikonicworld.com/products/athena-spa-bed,Salon / parlour owner fitting or upgrading a floor,Payback maths on camera: chair cost vs monthly chair revenue,true,1
ETP-022,ikonic-reclining-chair-kinley,Ikonic Reclining Chair Kinley,Ikonic,Salon Furniture & Equipment,Profit,B2B,81780,40890,,35200,50.0,40888,NO-NEPAL-LISTING,https://www.ikonicworld.com/products/ikonic-reclining-chair-kinley-grey,Salon / parlour owner fitting or upgrading a floor,Payback maths on camera: chair cost vs monthly chair revenue,true,1
ETP-023,ikonic-lush-reclining-cutting-chair,Ikonic Lush Reclining Cutting Chair,Ikonic,Salon Furniture & Equipment,Profit,B2B,80850,40425,,34800,50.0,40424,NO-NEPAL-LISTING,https://www.ikonicworld.com/products/ik-68486a-reclining-cutting-chair-black,Salon / parlour owner fitting or upgrading a floor,Payback maths on camera: chair cost vs monthly chair revenue,true,1
ETP-024,ikonic-reclining-chair-kanon,Ikonic Reclining Chair Kanon,Ikonic,Salon Furniture & Equipment,Profit,B2B,78060,39030,,33600,50.0,39030,NO-NEPAL-LISTING,https://www.ikonicworld.com/products/ikonic-reclining-chair-kanon-ik-3079,Salon / parlour owner fitting or upgrading a floor,Payback maths on camera: chair cost vs monthly chair revenue,true,1
ETP-025,ikonic-cutting-chair-lavish,Ikonic Cutting Chair Lavish,Ikonic,Salon Furniture & Equipment,Profit,B2B,76200,38100,,32800,50.0,38100,NO-NEPAL-LISTING,https://www.ikonicworld.com/products/ik-356-cutting-chair-green-black,Salon / parlour owner fitting or upgrading a floor,Payback maths on camera: chair cost vs monthly chair revenue,true,1
ETP-026,ikonic-facial-spa-bed-hestia,Ikonic Facial Spa Bed Hestia,Ikonic,Salon Furniture & Equipment,Profit,B2B,74340,37170,,32000,50.0,37171,NO-NEPAL-LISTING,https://www.ikonicworld.com/products/hestia-facial-spa-bed,Salon / parlour owner fitting or upgrading a floor,Payback maths on camera: chair cost vs monthly chair revenue,true,1
ETP-027,ikonic-cutting-chair-arthur,Ikonic Cutting Chair Arthur,Ikonic,Salon Furniture & Equipment,Profit,B2B,74340,37170,,32000,50.0,37171,NO-NEPAL-LISTING,https://www.ikonicworld.com/products/ikonic-arthur-cutting-chair-ik-1052,Salon / parlour owner fitting or upgrading a floor,Payback maths on camera: chair cost vs monthly chair revenue,true,1
ETP-028,ikonic-barber-chair-prestige,Ikonic Barber Chair Prestige,Ikonic,Salon Furniture & Equipment,Profit,B2B,72480,36240,,31200,50.0,36242,NO-NEPAL-LISTING,https://www.ikonicworld.com/products/ik-2687-black,Salon / parlour owner fitting or upgrading a floor,Payback maths on camera: chair cost vs monthly chair revenue,true,1
ETP-029,ikonic-cutting-chair-poised,Ikonic Cutting Chair Poised,Ikonic,Salon Furniture & Equipment,Profit,B2B,71550,35775,,30800,50.0,35777,NO-NEPAL-LISTING,https://www.ikonicworld.com/products/ik-271-cutting-chair-beige,Salon / parlour owner fitting or upgrading a floor,Payback maths on camera: chair cost vs monthly chair revenue,true,1
ETP-030,rome-spa-bed,Rome Spa Bed,Ikonic,Salon Furniture & Equipment,Profit,B2B,70630,35315,,30400,50.0,35313,NO-NEPAL-LISTING,https://www.ikonicworld.com/products/rome-spa-bed-black,Salon / parlour owner fitting or upgrading a floor,Payback maths on camera: chair cost vs monthly chair revenue,true,1
ETP-031,ikonic-cutting-chair-halley,Ikonic Cutting Chair Halley,Ikonic,Salon Furniture & Equipment,Profit,B2B,64120,32060,,27600,50.0,32060,NO-NEPAL-LISTING,https://www.ikonicworld.com/products/ikonic-ik-217-cutting-chair-black,Salon / parlour owner fitting or upgrading a floor,Payback maths on camera: chair cost vs monthly chair revenue,true,1
ETP-032,ikonic-cutting-chair-lyra,Ikonic Cutting Chair Lyra,Ikonic,Salon Furniture & Equipment,Profit,B2B,62260,31130,,26800,50.0,31131,NO-NEPAL-LISTING,https://www.ikonicworld.com/products/ik-332-cutting-chair-black,Salon / parlour owner fitting or upgrading a floor,Payback maths on camera: chair cost vs monthly chair revenue,true,1
ETP-033,7-in-1-hydrafacial-machine-professional-fully-automatic,"7-in-1 Hydrafacial Machine - professional, fully automatic",Ikonic,Salon Furniture & Equipment,Profit,B2B,60400,30200,,26000,50.0,30202,INDIA-TRADE-PRICE,https://www.indiamart.com/proddetail/hydrafacial-machine-2850708807762.html,Salon / parlour owner fitting or upgrading a floor,Payback maths on camera: chair cost vs monthly chair revenue,true,1
ETP-034,7-in-1-hydrafacial-machine-semi-automatic-double-motor,"7-in-1 Hydrafacial Machine - semi-automatic, double motor",Ikonic,Salon Furniture & Equipment,Profit,B2B,34850,17425,,15000,50.0,17424,INDIA-TRADE-PRICE,https://www.indiamart.com/proddetail/7-in-1-hydrafacial-machine-27462109133.html,Salon / parlour owner fitting or upgrading a floor,Payback maths on camera: chair cost vs monthly chair revenue,true,1
ETP-035,ryo-facial-steamer,RYO Facial Steamer,Ikonic,Salon Furniture & Equipment,Profit,B2B,34380,17190,,14800,50.0,17192,NO-NEPAL-LISTING,https://www.ikonicworld.com/products/ryo-facial-steamer,Salon / parlour owner fitting or upgrading a floor,Payback maths on camera: chair cost vs monthly chair revenue,true,1
ETP-036,ikonic-baby-chair-rory,Ikonic Baby Chair Rory,Ikonic,Salon Furniture & Equipment,Profit,B2B,33450,16725,,14400,50.0,16727,NO-NEPAL-LISTING,https://www.ikonicworld.com/products/doremon-baby-chair-gat-blue,Salon / parlour owner fitting or upgrading a floor,Payback maths on camera: chair cost vs monthly chair revenue,true,1
ETP-037,ikonic-face-steamer-rui,Ikonic Face Steamer Rui,Ikonic,Salon Furniture & Equipment,Profit,B2B,27880,13940,,12000,50.0,13939,NO-NEPAL-LISTING,https://www.ikonicworld.com/products/rui-hot-facial-steamer,Salon / parlour owner fitting or upgrading a floor,Payback maths on camera: chair cost vs monthly chair revenue,true,1
ETP-038,ikonic-hair-trolley-piper-black,Ikonic Hair Trolley Piper - Black,Ikonic,Salon Furniture & Equipment,Profit,B2B,27880,13940,,12000,50.0,13939,NO-NEPAL-LISTING,https://www.ikonicworld.com/products/ikonic-autumn-hair-trolley-black-ik-3013b,Salon / parlour owner fitting or upgrading a floor,Payback maths on camera: chair cost vs monthly chair revenue,true,1
ETP-039,ikonic-facial-trolley-cyril-white,Ikonic Facial Trolley Cyril - White,Ikonic,Salon Furniture & Equipment,Profit,B2B,26020,13010,,11200,50.0,13010,NO-NEPAL-LISTING,https://www.ikonicworld.com/products/ik-6701-facial-glass-trolley,Salon / parlour owner fitting or upgrading a floor,Payback maths on camera: chair cost vs monthly chair revenue,true,1
ETP-040,ikonic-towel-warmer-akira,Ikonic Towel Warmer Akira,Ikonic,Salon Furniture & Equipment,Profit,B2B,26020,13010,,11200,50.0,13010,NO-NEPAL-LISTING,https://www.ikonicworld.com/products/akira-towel-warmer,Salon / parlour owner fitting or upgrading a floor,Payback maths on camera: chair cost vs monthly chair revenue,true,1
ETP-041,rei-facial-steamer-white,REI FACIAL STEAMER WHITE,Ikonic,Salon Furniture & Equipment,Profit,B2B,25090,12545,,10800,50.0,12545,NO-NEPAL-LISTING,https://www.ikonicworld.com/products/rei-facial-steamer-white,Salon / parlour owner fitting or upgrading a floor,Payback maths on camera: chair cost vs monthly chair revenue,true,1
ETP-042,ikonic-hair-trolley-sassy,Ikonic Hair Trolley Sassy,Ikonic,Salon Furniture & Equipment,Profit,B2B,24160,12080,,10400,50.0,12081,NO-NEPAL-LISTING,https://www.ikonicworld.com/products/ik-3201b-black,Salon / parlour owner fitting or upgrading a floor,Payback maths on camera: chair cost vs monthly chair revenue,true,1
ETP-043,ikonic-hair-trolley-titan-black,Ikonic Hair Trolley Titan - Black,Ikonic,Salon Furniture & Equipment,Profit,B2B,24160,12080,,10400,50.0,12081,NO-NEPAL-LISTING,https://www.ikonicworld.com/products/ikonic-professional-dlt-618-plastic-hair-trolley,Salon / parlour owner fitting or upgrading a floor,Payback maths on camera: chair cost vs monthly chair revenue,true,1
ETP-044,ken-head-steamer,Ken Head Steamer,Ikonic,Salon Furniture & Equipment,Profit,B2B,22300,11150,,9600,50.0,11151,NO-NEPAL-LISTING,https://www.ikonicworld.com/products/ken-head-steamer,Salon / parlour owner fitting or upgrading a floor,Payback maths on camera: chair cost vs monthly chair revenue,true,1
ETP-045,ikonic-head-steamer-kai,Ikonic Head Steamer Kai,Ikonic,Salon Furniture & Equipment,Profit,B2B,22300,11150,,9600,50.0,11151,NO-NEPAL-LISTING,https://www.ikonicworld.com/products/ik-1002-hair-steamer,Salon / parlour owner fitting or upgrading a floor,Payback maths on camera: chair cost vs monthly chair revenue,true,1
ETP-046,7-in-1-hydrafacial-machine-entry-manual-grade,7-in-1 Hydrafacial Machine - entry / manual grade,Ikonic,Salon Furniture & Equipment,Profit,B2B,22070,11035,,9500,50.0,11035,INDIA-TRADE-PRICE,https://www.indiamart.com/proddetail/7-in-1-hydra-facial-machine-26355738262.html,Salon / parlour owner fitting or upgrading a floor,Payback maths on camera: chair cost vs monthly chair revenue,true,1
ETP-047,ikonic-hair-steamer-akiko,Ikonic Hair Steamer Akiko,Ikonic,Salon Furniture & Equipment,Profit,B2B,21370,10685,,9200,50.0,10687,NO-NEPAL-LISTING,https://www.ikonicworld.com/products/ikonic-akiko-head-steamer,Salon / parlour owner fitting or upgrading a floor,Payback maths on camera: chair cost vs monthly chair revenue,true,1
ETP-048,lumi-stool-black,LUMI STOOL BLACK,Ikonic,Salon Furniture & Equipment,Profit,B2B,20440,10220,,8800,50.0,10222,NO-NEPAL-LISTING,https://www.ikonicworld.com/products/lumi-stool-black,Salon / parlour owner fitting or upgrading a floor,Payback maths on camera: chair cost vs monthly chair revenue,true,1
ETP-049,eira-stool-black,EIRA STOOL BLACK,Ikonic,Salon Furniture & Equipment,Profit,B2B,18590,9295,,8000,50.0,9293,NO-NEPAL-LISTING,https://www.ikonicworld.com/products/eira-stool-black,Salon / parlour owner fitting or upgrading a floor,Payback maths on camera: chair cost vs monthly chair revenue,true,1
ETP-050,pheme-hair-trolley-black,PHEME HAIR TROLLEY BLACK,Ikonic,Salon Furniture & Equipment,Profit,B2B,18590,9295,,8000,50.0,9293,NO-NEPAL-LISTING,https://www.ikonicworld.com/products/pheme-hair-trolley-black,Salon / parlour owner fitting or upgrading a floor,Payback maths on camera: chair cost vs monthly chair revenue,true,1
ETP-051,ikonic-pedicure-stool-chloe,Ikonic Pedicure Stool Chloe,Ikonic,Salon Furniture & Equipment,Profit,B2B,18590,9295,,8000,50.0,9293,NO-NEPAL-LISTING,https://www.ikonicworld.com/products/ikonic-chloe-stool-ik-vs257b,Salon / parlour owner fitting or upgrading a floor,Payback maths on camera: chair cost vs monthly chair revenue,true,1
ETP-052,ikonic-professional-2-in-1-brush-cleaner-sterilizer,Ikonic Professional 2 in 1 Brush Cleaner & Sterilizer,Ikonic,Salon Furniture & Equipment,Profit,B2B,18120,9060,,7800,50.0,9060,NO-NEPAL-LISTING,https://www.ikonicworld.com/products/ikonic-professional-2-in-1-brush-cleaner-sterilizer,Salon / parlour owner fitting or upgrading a floor,Payback maths on camera: chair cost vs monthly chair revenue,true,1
ETP-053,uta-hair-service-trolley,UTA HAIR SERVICE TROLLEY,Ikonic,Salon Furniture & Equipment,Profit,B2B,17660,8830,,7600,50.0,8828,NO-NEPAL-LISTING,https://www.ikonicworld.com/products/uta-hair-service-trolley,Salon / parlour owner fitting or upgrading a floor,Payback maths on camera: chair cost vs monthly chair revenue,true,1
ETP-054,ikonic-trolley-egon-black,Ikonic Trolley Egon - Black,Ikonic,Salon Furniture & Equipment,Profit,B2B,17660,8830,,7600,50.0,8828,NO-NEPAL-LISTING,https://www.ikonicworld.com/products/ikonic-elogy-trolley,Salon / parlour owner fitting or upgrading a floor,Payback maths on camera: chair cost vs monthly chair revenue,true,1
ETP-055,ikonic-towel-warmer-aimi,Ikonic Towel Warmer Aimi,Ikonic,Salon Furniture & Equipment,Profit,B2B,16730,8365,,7200,50.0,8364,NO-NEPAL-LISTING,https://www.ikonicworld.com/products/ikonic-towel-warmer-aimi,Salon / parlour owner fitting or upgrading a floor,Payback maths on camera: chair cost vs monthly chair revenue,true,1
ETP-056,ikonic-stool-merta-grey,Ikonic Stool Merta - Grey,Ikonic,Salon Furniture & Equipment,Profit,B2B,16730,8365,,7200,50.0,8364,NO-NEPAL-LISTING,https://www.ikonicworld.com/products/merta-stool,Salon / parlour owner fitting or upgrading a floor,Payback maths on camera: chair cost vs monthly chair revenue,true,1
ETP-057,ikonic-facial-steamer-ren,Ikonic Facial Steamer Ren,Ikonic,Salon Furniture & Equipment,Profit,B2B,13010,6505,,5600,50.0,6505,NO-NEPAL-LISTING,https://www.ikonicworld.com/products/ikonic-facial-steamer-ik-20,Salon / parlour owner fitting or upgrading a floor,Payback maths on camera: chair cost vs monthly chair revenue,true,1
ETP-058,ikonic-jelly-fish-trolley-dai,Ikonic Jelly Fish Trolley Dai,Ikonic,Salon Furniture & Equipment,Profit,B2B,12550,6275,,5400,50.0,6273,NO-NEPAL-LISTING,https://www.ikonicworld.com/products/ikonic-dai-color-service-trolley,Salon / parlour owner fitting or upgrading a floor,Payback maths on camera: chair cost vs monthly chair revenue,true,1
ETP-059,ikonic-uv-sterilizer-ayumi,Ikonic UV Sterilizer Ayumi,Ikonic,Salon Furniture & Equipment,Profit,B2B,12080,6040,,5200,50.0,6040,NO-NEPAL-LISTING,https://www.ikonicworld.com/products/ik-520-sterlizer,Salon / parlour owner fitting or upgrading a floor,Payback maths on camera: chair cost vs monthly chair revenue,true,1
ETP-060,ikonic-hair-trolley-basil,Ikonic Hair Trolley Basil,Ikonic,Salon Furniture & Equipment,Profit,B2B,12080,6040,,5200,50.0,6040,NO-NEPAL-LISTING,https://www.ikonicworld.com/products/ik-200-hair-trolley,Salon / parlour owner fitting or upgrading a floor,Payback maths on camera: chair cost vs monthly chair revenue,true,1
ETP-061,pethe-hair-service-trolley,PETHE HAIR SERVICE TROLLEY,Ikonic,Salon Furniture & Equipment,Profit,B2B,11150,5575,,4800,50.0,5576,NO-NEPAL-LISTING,https://www.ikonicworld.com/products/pethe-hair-service-trolley,Salon / parlour owner fitting or upgrading a floor,Payback maths on camera: chair cost vs monthly chair revenue,true,1
ETP-062,nen-360-degree-rotating-tray,NEN 360 DEGREE ROTATING TRAY,Ikonic,Salon Furniture & Equipment,Profit,B2B,10220,5110,,4400,50.0,5111,NO-NEPAL-LISTING,https://www.ikonicworld.com/products/nen-360-degree-rotating-tray,Salon / parlour owner fitting or upgrading a floor,Payback maths on camera: chair cost vs monthly chair revenue,true,1
ETP-063,ikonic-pedicure-stool-emma,Ikonic Pedicure Stool Emma,Ikonic,Salon Furniture & Equipment,Profit,B2B,9290,4645,,4000,50.0,4646,NO-NEPAL-LISTING,https://www.ikonicworld.com/products/emma-pedi-stool,Salon / parlour owner fitting or upgrading a floor,Payback maths on camera: chair cost vs monthly chair revenue,true,1
ETP-064,ikonic-foot-rest-big,IKONIC FOOT REST BIG,Ikonic,Salon Furniture & Equipment,Profit,B2B,8360,4180,,3600,50.0,4182,NO-NEPAL-LISTING,https://www.ikonicworld.com/products/ikonic-foot-rest-big,Salon / parlour owner fitting or upgrading a floor,Payback maths on camera: chair cost vs monthly chair revenue,true,1
ETP-065,ikonic-me-3-in-1-facial-steamer-with-nano-ionic-technology-white,"Ikonic Me 3 in 1 Facial Steamer with Nano Ionic Technology, White",Ikonic,Salon Furniture & Equipment,Profit,B2B,6190,3095,,2665,50.0,3096,NO-NEPAL-LISTING,https://www.ikonicworld.com/products/ikonic-me-3in1-facial-steamer,Salon / parlour owner fitting or upgrading a floor,Payback maths on camera: chair cost vs monthly chair revenue,true,1
ETP-066,small-foot-rest,SMALL FOOT REST,Ikonic,Salon Furniture & Equipment,Profit,B2B,3480,1740,,1500,50.0,1742,NO-NEPAL-LISTING,https://www.ikonicworld.com/products/small-foot-rest-gold,Salon / parlour owner fitting or upgrading a floor,Payback maths on camera: chair cost vs monthly chair revenue,true,1
ETP-067,silky-india-05-ampules-for-hairfall-control-10-x-10ml,Silky India .05 Ampules for Hairfall Control (10 x 10ml),Ikonic,Salon Consumables,Attach,BOTH,6600,3960,,2499,40.0,3958,CONFIRM-BRAND,https://www.silkyhairindia.com/products.json,"Salon that reorders every month, not every year",Stylist demo: result after one wash; monthly reorder reminder,false,2
ETP-068,silky-india-06-x-trim-anti-dandruff-ampules-10-x-10ml,Silky India .06 X-Trim Anti-Dandruff Ampules (10 x 10ml),Ikonic,Salon Consumables,Attach,BOTH,6600,3960,,2499,40.0,3958,CONFIRM-BRAND,https://www.silkyhairindia.com/products.json,"Salon that reorders every month, not every year",Stylist demo: result after one wash; monthly reorder reminder,false,2
ETP-069,silky-india-07-sebotherapy-oil-control-ampules-10-x-10ml,Silky India .07 Sebotherapy Oil Control Ampules (10 x 10ml),Ikonic,Salon Consumables,Attach,BOTH,6600,3960,,2499,40.0,3958,CONFIRM-BRAND,https://www.silkyhairindia.com/products.json,"Salon that reorders every month, not every year",Stylist demo: result after one wash; monthly reorder reminder,false,2
ETP-070,silky-india-02-color-care-linseed-drops-ampules-10-x-10ml,Silky India .02 Color Care Linseed Drops Ampules (10 x 10ml),Ikonic,Salon Consumables,Attach,BOTH,6070,3642,,2299,40.0,3642,CONFIRM-BRAND,https://www.silkyhairindia.com/products.json,"Salon that reorders every month, not every year",Stylist demo: result after one wash; monthly reorder reminder,false,2
ETP-071,silky-india-03-daily-care-oil-wash-ampules-10-x-10ml,Silky India .03 Daily Care Oil Wash Ampules (10 x 10ml),Ikonic,Salon Consumables,Attach,BOTH,6070,3642,,2299,40.0,3642,CONFIRM-BRAND,https://www.silkyhairindia.com/products.json,"Salon that reorders every month, not every year",Stylist demo: result after one wash; monthly reorder reminder,false,2
ETP-072,silky-india-ylang-feel-good-serum,Silky India Ylang Feel Good Serum,Ikonic,Salon Consumables,Attach,BOTH,5800,3480,,2199,40.0,3483,CONFIRM-BRAND,https://www.silkyhairindia.com/products.json,"Salon that reorders every month, not every year",Stylist demo: result after one wash; monthly reorder reminder,false,2
ETP-073,silky-india-04-hair-repair-intensive-oil-of-argan-100ml,Silky India .04 Hair Repair Intensive Oil of Argan (100ml),Ikonic,Salon Consumables,Attach,BOTH,5280,3168,,1999,40.0,3166,CONFIRM-BRAND,https://www.silkyhairindia.com/products.json,"Salon that reorders every month, not every year",Stylist demo: result after one wash; monthly reorder reminder,false,2
ETP-074,silky-india-02-trilogy-hydrating-conditioner-250ml,Silky India .02 Trilogy Hydrating Conditioner 250ml,Ikonic,Salon Consumables,Attach,BOTH,3960,2376,,1499,40.0,2374,CONFIRM-BRAND,https://www.silkyhairindia.com/products.json,"Salon that reorders every month, not every year",Stylist demo: result after one wash; monthly reorder reminder,false,2
ETP-075,silky-india-01-never-orange-shampoo-200ml-1000ml,Silky India .01 Never Orange Shampoo (200ml / 1000ml),Ikonic,Salon Consumables,Attach,BOTH,3430,2058,,1299,40.0,2058,CONFIRM-BRAND,https://www.silkyhairindia.com/products.json,"Salon that reorders every month, not every year",Stylist demo: result after one wash; monthly reorder reminder,false,2
ETP-076,silky-india-01-never-yellow-shampoo-200ml-1000ml,Silky India .01 Never Yellow Shampoo (200ml / 1000ml),Ikonic,Salon Consumables,Attach,BOTH,3430,2058,,1299,40.0,2058,CONFIRM-BRAND,https://www.silkyhairindia.com/products.json,"Salon that reorders every month, not every year",Stylist demo: result after one wash; monthly reorder reminder,false,2
ETP-077,silky-india-ylang-feel-good-cream-conditioner-250ml-1000ml,Silky India Ylang Feel Good Cream Conditioner (250ml / 1000ml),Ikonic,Salon Consumables,Attach,BOTH,3300,1980,,1249,40.0,1978,CONFIRM-BRAND,https://www.silkyhairindia.com/products.json,"Salon that reorders every month, not every year",Stylist demo: result after one wash; monthly reorder reminder,false,2
ETP-078,silky-india-ylang-feel-good-shampoo,Silky India Ylang Feel Good Shampoo,Ikonic,Salon Consumables,Attach,BOTH,3030,1818,,1149,40.0,1820,CONFIRM-BRAND,https://www.silkyhairindia.com/products.json,"Salon that reorders every month, not every year",Stylist demo: result after one wash; monthly reorder reminder,false,2
ETP-079,silky-india-04-hair-repair-intensive-mask-250ml-1000ml,Silky India .04 Hair Repair Intensive Mask (250ml / 1000ml),Ikonic,Salon Consumables,Attach,BOTH,2900,1740,,1099,40.0,1741,CONFIRM-BRAND,https://www.silkyhairindia.com/products.json,"Salon that reorders every month, not every year",Stylist demo: result after one wash; monthly reorder reminder,false,2
ETP-080,silky-india-03-daily-care-hydro-herb-mask-250ml-1000ml,Silky India .03 Daily Care Hydro Herb Mask (250ml / 1000ml),Ikonic,Salon Consumables,Attach,BOTH,2640,1584,,999,40.0,1582,CONFIRM-BRAND,https://www.silkyhairindia.com/products.json,"Salon that reorders every month, not every year",Stylist demo: result after one wash; monthly reorder reminder,false,2
ETP-081,silky-india-03-daily-care-hydro-herb-balm-250ml-1000ml,Silky India .03 Daily Care Hydro Herb Balm (250ml / 1000ml),Ikonic,Salon Consumables,Attach,BOTH,2640,1584,,999,40.0,1582,CONFIRM-BRAND,https://www.silkyhairindia.com/products.json,"Salon that reorders every month, not every year",Stylist demo: result after one wash; monthly reorder reminder,false,2
ETP-082,silky-india-02-color-care-restitutive-mask-250ml-1000ml,Silky India .02 Color Care Restitutive Mask (250ml / 1000ml),Ikonic,Salon Consumables,Attach,BOTH,2500,1500,,949,40.0,1503,CONFIRM-BRAND,https://www.silkyhairindia.com/products.json,"Salon that reorders every month, not every year",Stylist demo: result after one wash; monthly reorder reminder,false,2
ETP-083,silky-india-03-daily-care-daily-shampoo-250ml-1000ml,Silky India .03 Daily Care Daily Shampoo (250ml / 1000ml),Ikonic,Salon Consumables,Attach,BOTH,2370,1422,,899,40.0,1424,CONFIRM-BRAND,https://www.silkyhairindia.com/products.json,"Salon that reorders every month, not every year",Stylist demo: result after one wash; monthly reorder reminder,false,2
ETP-084,silky-india-03-nutrix-fluid-serum-100ml,Silky India .03 Nutrix Fluid Serum (100ml),Ikonic,Salon Consumables,Attach,BOTH,2370,1422,,899,40.0,1424,CONFIRM-BRAND,https://www.silkyhairindia.com/products.json,"Salon that reorders every month, not every year",Stylist demo: result after one wash; monthly reorder reminder,false,2
ETP-085,silky-india-02-color-care-shampoo-250ml-1000ml,Silky India .02 Color Care Shampoo (250ml / 1000ml),Ikonic,Salon Consumables,Attach,BOTH,2240,1344,,849,40.0,1345,CONFIRM-BRAND,https://www.silkyhairindia.com/products.json,"Salon that reorders every month, not every year",Stylist demo: result after one wash; monthly reorder reminder,false,2
ETP-086,silky-india-07-sebotherapy-oil-control-shampoo,Silky India .07 Sebotherapy Oil Control Shampoo,Ikonic,Salon Consumables,Attach,BOTH,2110,1266,,799,40.0,1266,CONFIRM-BRAND,https://www.silkyhairindia.com/products.json,"Salon that reorders every month, not every year",Stylist demo: result after one wash; monthly reorder reminder,false,2
ETP-087,ikonic-professional-hot-brush-hair-straightener-burgundy,Ikonic Professional Hot Brush - Hair Straightener ( Burgundy ),Ikonic,Straighteners,Traffic,D2C,11500,8338,11500,,27.5,,VERIFIED,https://www.daraz.com.np/products/ikonic-professional-hot-brush-hair-straightener-burgundy-i105935767.html,"Women 18-35, daily styling, wedding & festival season",One-pass demo on Nepali hair texture; plate close-up for authenticity,false,2
ETP-088,ikonic-professional-hair-straightener-hot-brush,Ikonic Professional Hair Straightener Hot Brush,Ikonic,Straighteners,Traffic,D2C,10140,7352,10140,,27.5,,VERIFIED,https://www.daraz.com.np/products/ikonic-professional-hair-straightener-hot-brush-i381682519.html,"Women 18-35, daily styling, wedding & festival season",One-pass demo on Nepali hair texture; plate close-up for authenticity,false,2
ETP-089,ikonic-professional-pro-titanium-shine-3-0-hair-straightener,Ikonic Professional Pro Titanium Shine 3.0 Hair Straightener,Ikonic,Straighteners,Traffic,D2C,12920,9367,12920,6300,27.5,9979,VERIFIED,https://www.daraz.com.np/products/ikonic-professional-pro-titanium-shine-30-hair-straightener-with-temperature-control-i436033192.html,"Women 18-35, daily styling, wedding & festival season",One-pass demo on Nepali hair texture; plate close-up for authenticity,false,2
ETP-090,ikonic-professional-gleam-pro-hair-straightener,Ikonic Professional Gleam Pro Hair Straightener,Ikonic,Straighteners,Traffic,D2C,13760,9976,,6300,27.5,9979,NO-NEPAL-LISTING,https://www.ikonicworld.com/products/gleam-pro,"Women 18-35, daily styling, wedding & festival season",One-pass demo on Nepali hair texture; plate close-up for authenticity,false,2
ETP-091,ikonic-professional-hair-straightener-hot-brush-straightening-hair-bru,Ikonic Professional Hair Straightener Hot Brush | Straightening hair brush,Ikonic,Straighteners,Traffic,D2C,9620,6974,9620,,27.5,,VERIFIED,https://www.daraz.com.np/products/ikonic-professional-hair-straightener-hot-brush-straightening-hair-brush-i125576716.html,"Women 18-35, daily styling, wedding & festival season",One-pass demo on Nepali hair texture; plate close-up for authenticity,false,2
ETP-092,ikonic-professional-gleam-3-0-hair-straightener,Ikonic Professional Gleam 3.0 Hair Straightener,Ikonic,Straighteners,Traffic,D2C,12580,9120,12580,5950,27.5,9425,LIKELY-MATCH,https://www.daraz.com.np/products/ikonic-gleam-30-hair-iron-hair-straightener-or-flat-iron-with-1-inch-slim-floating-rose-gold-with-titanium-plates-1-year-warranty-i295071849.html,"Women 18-35, daily styling, wedding & festival season",One-pass demo on Nepali hair texture; plate close-up for authenticity,false,2
ETP-093,ikonic-professional-hair-straightener-slim-titanium-shine-3-0,Ikonic Professional Hair Straightener - Slim Titanium Shine 3.0,Ikonic,Straighteners,Traffic,D2C,12920,9367,12920,5600,27.5,8870,LIKELY-MATCH,https://www.daraz.com.np/products/ikonic-professional-pro-titanium-shine-30-hair-straightener-with-temperature-control-i436033192.html,"Women 18-35, daily styling, wedding & festival season",One-pass demo on Nepali hair texture; plate close-up for authenticity,false,2
ETP-094,ikonic-professional-finishing-line-hair-straightener,Ikonic Professional Finishing Line Hair Straightener,Ikonic,Straighteners,Traffic,D2C,11800,8555,,5400,27.5,8554,NO-NEPAL-LISTING,https://www.ikonicworld.com/products/finishing-line-hair-straightener,"Women 18-35, daily styling, wedding & festival season",One-pass demo on Nepali hair texture; plate close-up for authenticity,false,2
ETP-095,ikonic-professional-black-titanium-slim-hair-straightener,Ikonic Professional Black Titanium Slim Hair Straightener,Ikonic,Straighteners,Traffic,D2C,8880,6438,8880,5100,27.5,8078,VERIFIED,https://www.daraz.com.np/products/ikonic-professional-titanium-hair-slim-crimper-styler-i125583057.html,"Women 18-35, daily styling, wedding & festival season",One-pass demo on Nepali hair texture; plate close-up for authenticity,false,2
ETP-096,ikonic-professional-pro-straight-black-hair-straightener,Ikonic Professional Pro Straight Black Hair Straightener,Ikonic,Straighteners,Traffic,D2C,9760,7076,9760,4550,27.5,7207,VERIFIED,https://www.daraz.com.np/products/ikonic-pro-straight-hair-straightener-i348301708.html,"Women 18-35, daily styling, wedding & festival season",One-pass demo on Nepali hair texture; plate close-up for authenticity,false,2
ETP-097,ikonic-go-straight-hair-straightener-black-pink-floating-ceramic-plate,"Ikonic Go Straight Hair Straightener, Black & Pink | Floating & Ceramic Plates| Lock Function| ",Ikonic,Straighteners,Traffic,D2C,5999,4349,5999,,27.5,,VERIFIED,https://www.daraz.com.np/products/ikonic-go-straight-hair-straightener-black-pink-floating-ceramic-plates-lock-function-quick-easy-to-use-i482287817.html,"Women 18-35, daily styling, wedding & festival season",One-pass demo on Nepali hair texture; plate close-up for authenticity,false,2
ETP-098,ikonic-professional-s3-hair-straightener,Ikonic Professional S3+ Hair Straightener,Ikonic,Straighteners,Traffic,D2C,7690,5575,7690,3675,27.5,5821,VERIFIED,https://www.daraz.com.np/products/ikonic-professional-ceramic-hair-straightner-i109647183.html,"Women 18-35, daily styling, wedding & festival season",One-pass demo on Nepali hair texture; plate close-up for authenticity,false,2
ETP-099,ikonic-professional-vibe-hair-straightener,Ikonic Professional Vibe+  Hair Straightener,Ikonic,Straighteners,Traffic,D2C,6990,5068,,3200,27.5,5069,NO-NEPAL-LISTING,https://www.ikonicworld.com/products/vibe-hair-straightener,"Women 18-35, daily styling, wedding & festival season",One-pass demo on Nepali hair texture; plate close-up for authenticity,false,2
ETP-100,ikonic-professional-glam-hair-straightener,Ikonic Professional Glam Hair Straightener,Ikonic,Straighteners,Traffic,D2C,6500,4712,,2975,27.5,4712,NO-NEPAL-LISTING,https://www.ikonicworld.com/products/ikonic-glam-hair-straightener,"Women 18-35, daily styling, wedding & festival season",One-pass demo on Nepali hair texture; plate close-up for authenticity,false,2
ETP-101,ikonic-professional-vibe-hair-straightener-etp-101,Ikonic Professional Vibe Hair Straightener,Ikonic,Straighteners,Traffic,D2C,6450,4676,,2950,27.5,4673,NO-NEPAL-LISTING,https://www.ikonicworld.com/products/vibe-hair-straightener-white,"Women 18-35, daily styling, wedding & festival season",One-pass demo on Nepali hair texture; plate close-up for authenticity,false,2
ETP-102,ikonic-professional-pro-slim-hair-straightener,Ikonic Professional Pro Slim Hair Straightener,Ikonic,Straighteners,Traffic,D2C,5240,3799,,2400,27.5,3802,NO-NEPAL-LISTING,https://www.ikonicworld.com/products/pro-slim,"Women 18-35, daily styling, wedding & festival season",One-pass demo on Nepali hair texture; plate close-up for authenticity,false,2
ETP-103,ikonic-me-xtreme-straight-hair-straightener,Ikonic Me Xtreme Straight Hair Straightener,Ikonic,Straighteners,Traffic,D2C,4800,3480,4800,2291,27.5,3629,LIKELY-MATCH,https://www.daraz.com.np/products/ikonic-xtreme-hair-straightners-me-xtreme-straight-stonesilver-by-ikonic-i1544770563.html,"Women 18-35, daily styling, wedding & festival season",One-pass demo on Nepali hair texture; plate close-up for authenticity,false,2
ETP-104,ikonic-me-black-beauty-hair-straightener-by-ikonic,Ikonic me Black Beauty Hair Straightener by Ikonic,Ikonic,Straighteners,Traffic,D2C,3500,2538,3500,,27.5,,VERIFIED,https://www.daraz.com.np/products/ikonic-me-black-beauty-hair-straightener-by-ikonic-i173947007.html,"Women 18-35, daily styling, wedding & festival season",One-pass demo on Nepali hair texture; plate close-up for authenticity,false,2
ETP-105,ikonic-black-beauty-hair-straightener-by-genuine-collction,Ikonic Black Beauty Hair Straightener by Genuine Collction,Ikonic,Straighteners,Traffic,D2C,3250,2356,3250,,27.5,,VERIFIED,https://www.daraz.com.np/products/ikonic-black-beauty-hair-straightener-by-genuine-collction-i155353160.html,"Women 18-35, daily styling, wedding & festival season",One-pass demo on Nepali hair texture; plate close-up for authenticity,false,2
ETP-106,ikonic-me-black-beauty-hair-iron-hair-straightener-flat-iron-ceramic-c,Ikonic Me Black Beauty Hair Iron Hair Straightener Flat Iron Ceramic Coated Floating 1 inch Pla,Ikonic,Straighteners,Traffic,D2C,3220,2334,3220,,27.5,,VERIFIED,https://www.daraz.com.np/products/ikonic-me-black-beauty-hair-iron-hair-straightener-flat-iron-ceramic-coated-floating-1-inch-plates-quick-heating-up-to-210-degrees-celcius-i160171636.html,"Women 18-35, daily styling, wedding & festival season",One-pass demo on Nepali hair texture; plate close-up for authenticity,false,2
ETP-107,the-ultimate-glam-glide-box,The Ultimate Glam & Glide Box,Ikonic,Straighteners,Traffic,D2C,4300,3118,,1966,27.5,3114,NO-NEPAL-LISTING,https://www.ikonicworld.com/products/the-ultimate-glam-glide-box,"Women 18-35, daily styling, wedding & festival season",One-pass demo on Nepali hair texture; plate close-up for authenticity,false,2
ETP-108,ikonic-me-simply-straight-hair-straightener,Ikonic Me Simply Straight Hair Straightener,Ikonic,Straighteners,Traffic,D2C,4100,2972,,1875,27.5,2970,NO-NEPAL-LISTING,https://www.ikonicworld.com/products/ikonic-simply-straight-hair-straightener-black-golden,"Women 18-35, daily styling, wedding & festival season",One-pass demo on Nepali hair texture; plate close-up for authenticity,false,2
ETP-109,ikonic-me-2-in-1-straight-and-curl-wide-hair-straightener,Ikonic Me 2 in 1 Straight and Curl (Wide) Hair Straightener,Ikonic,Straighteners,Traffic,D2C,3820,2770,,1750,27.5,2772,NO-NEPAL-LISTING,https://www.ikonicworld.com/products/2-in-1-staright-n-curl-wide,"Women 18-35, daily styling, wedding & festival season",One-pass demo on Nepali hair texture; plate close-up for authenticity,false,2
ETP-110,ikonic-me-hair-straightener-glide,Ikonic Me Hair Straightener Glide,Ikonic,Straighteners,Traffic,D2C,2980,2160,,1365,27.5,2162,NO-NEPAL-LISTING,https://www.ikonicworld.com/products/ikonic-me-hair-straightener-glide,"Women 18-35, daily styling, wedding & festival season",One-pass demo on Nepali hair texture; plate close-up for authenticity,false,2
ETP-111,ikonic-me-black-beauty-hair-straightener,Ikonic Me Black beauty Hair Straightener,Ikonic,Straighteners,Traffic,D2C,2630,1907,,1203,27.5,1906,NO-NEPAL-LISTING,https://www.ikonicworld.com/products/ikonic-me-black-beauty-hair-iron,"Women 18-35, daily styling, wedding & festival season",One-pass demo on Nepali hair texture; plate close-up for authenticity,false,2
ETP-112,ikonic-professional-id-2-0-hair-dryer,Ikonic Professional Id 2.0 Hair Dryer,Ikonic,Hair Dryers,Traffic,D2C,26220,19010,,12000,27.5,19008,NO-NEPAL-LISTING,https://www.ikonicworld.com/products/ikonic-id-hair-dryer-2-0,Salon owner + home user who blow-dries weekly,Drying-time race vs a cheap dryer; noise + heat-damage proof,false,2
ETP-113,ikonic-professional-id-2-0-hair-dryer-ash-grey-free-stand,Ikonic Professional ID 2.0 Hair Dryer (Ash Grey) + Free Stand,Ikonic,Hair Dryers,Traffic,D2C,21850,15841,,10000,27.5,15840,NO-NEPAL-LISTING,https://www.ikonicworld.com/products/ikonic-professional-id-2-0-hair-dryer-copy,Salon owner + home user who blow-dries weekly,Drying-time race vs a cheap dryer; noise + heat-damage proof,false,2
ETP-114,ikonic-professional-dynamite-scarlett-limited-edition-hair-dryer,Ikonic Professional Dynamite+ Scarlett Limited Edition Hair Dryer,Ikonic,Hair Dryers,Traffic,D2C,18440,13369,,8438,27.5,13366,NO-NEPAL-LISTING,https://www.ikonicworld.com/products/ikonic-professional-dynamite-scarlett-limited-edition-hair-dryer,Salon owner + home user who blow-dries weekly,Drying-time race vs a cheap dryer; noise + heat-damage proof,false,2
ETP-115,ikonic-professional-dynamite-hair-dryer,Ikonic Professional Dynamite+ Hair Dryer,Ikonic,Hair Dryers,Traffic,D2C,15290,11085,,7000,27.5,11088,NO-NEPAL-LISTING,https://www.ikonicworld.com/products/ikonic-hair-dryer-dynamite-grey,Salon owner + home user who blow-dries weekly,Drying-time race vs a cheap dryer; noise + heat-damage proof,false,2
ETP-116,ikonic-professional-pro-2800-hair-dryer,Ikonic Professional Pro 2800+ Hair Dryer,Ikonic,Hair Dryers,Traffic,D2C,13380,9700,,6125,27.5,9702,NO-NEPAL-LISTING,https://www.ikonicworld.com/products/pro-2800-hair-dryer-1,Salon owner + home user who blow-dries weekly,Drying-time race vs a cheap dryer; noise + heat-damage proof,false,2
ETP-117,ikonic-professional-finishing-line-hair-dryer,Ikonic Professional Finishing Line Hair Dryer,Ikonic,Hair Dryers,Traffic,D2C,12450,9026,,5700,27.5,9029,NO-NEPAL-LISTING,https://www.ikonicworld.com/products/finishing-line-hair-dryer,Salon owner + home user who blow-dries weekly,Drying-time race vs a cheap dryer; noise + heat-damage proof,false,2
ETP-118,ikonic-professional-pro-2500-advanced-hair-dryer,Ikonic Professional Pro 2500+ Advanced Hair Dryer,Ikonic,Hair Dryers,Traffic,D2C,10000,7250,10000,4900,27.5,7762,VERIFIED,https://www.daraz.com.np/products/ikonic-hair-dryer-pro-2500-white-i133838345.html,Salon owner + home user who blow-dries weekly,Drying-time race vs a cheap dryer; noise + heat-damage proof,false,2
ETP-119,ikonic-professional-dynamite-hair-dryer-etp-119,Ikonic Professional Dynamite Hair Dryer,Ikonic,Hair Dryers,Traffic,D2C,10490,7605,,4800,27.5,7603,NO-NEPAL-LISTING,https://www.ikonicworld.com/products/ikonic-hair-dryer-dynamite,Salon owner + home user who blow-dries weekly,Drying-time race vs a cheap dryer; noise + heat-damage proof,false,2
ETP-120,ikonic-professional-pro-2400-hair-dryer,Ikonic Professional Pro 2400 Hair Dryer,Ikonic,Hair Dryers,Traffic,D2C,7650,5546,,3500,27.5,5544,NO-NEPAL-LISTING,https://www.ikonicworld.com/products/ikonic-hair-dryer-pro-2400,Salon owner + home user who blow-dries weekly,Drying-time race vs a cheap dryer; noise + heat-damage proof,false,2
ETP-121,ikonic-professional-hair-dryer-pro-2200,Ikonic Professional Hair Dryer Pro 2200+,Ikonic,Hair Dryers,Traffic,D2C,7500,5438,7500,3325,27.5,5267,LIKELY-MATCH,https://www.daraz.com.np/products/ikonic-hair-dryer-pro-2200-black-red-by-genuine-beauty-i111077769.html,Salon owner + home user who blow-dries weekly,Drying-time race vs a cheap dryer; noise + heat-damage proof,false,2
ETP-122,ikonic-professional-pro-2200-hair-dryer,Ikonic Professional Pro 2200 Hair Dryer,Ikonic,Hair Dryers,Traffic,D2C,7500,5438,7500,3055,27.5,4839,VERIFIED,https://www.daraz.com.np/products/ikonic-hair-dryer-pro-2200-black-red-by-genuine-beauty-i111077769.html,Salon owner + home user who blow-dries weekly,Drying-time race vs a cheap dryer; noise + heat-damage proof,false,2
ETP-123,ikonic-professional-pro-2100-hair-dryer,Ikonic Professional Pro 2100+ Hair Dryer,Ikonic,Hair Dryers,Traffic,D2C,5720,4147,5720,2503,27.5,3965,VERIFIED,https://www.daraz.com.np/products/ikonic-professional-pro-2100-hair-dryer-096kg-i1520901079.html,Salon owner + home user who blow-dries weekly,Drying-time race vs a cheap dryer; noise + heat-damage proof,false,2
ETP-124,ikonic-professional-blaze-hair-dryer,Ikonic Professional Blaze Hair Dryer,Ikonic,Hair Dryers,Traffic,D2C,4660,3378,,2135,27.5,3382,NO-NEPAL-LISTING,https://www.ikonicworld.com/products/ikonic-hair-dryer-blaze-black,Salon owner + home user who blow-dries weekly,Drying-time race vs a cheap dryer; noise + heat-damage proof,false,2
ETP-125,ikonic-me-ultralight-2000-hair-dryer,Ikonic Me- Ultralight 2000 Hair Dryer,Ikonic,Hair Dryers,Traffic,D2C,4260,3088,,1950,27.5,3089,NO-NEPAL-LISTING,https://www.ikonicworld.com/products/ikonic-me-ultralight-2000-hair-dryer-orange,Salon owner + home user who blow-dries weekly,Drying-time race vs a cheap dryer; noise + heat-damage proof,false,2
ETP-126,ikonic-travel-express-hair-dryer-white-rose-gold-1400w-motor-foldable-,Ikonic Travel Express Hair Dryer (White & Rose Gold) 1400W Motor Foldable Handle 2 Heat and 1 C,Ikonic,Hair Dryers,Traffic,D2C,2729,1979,2729,,27.5,,VERIFIED,https://www.daraz.com.np/products/ikonic-travel-express-hair-dryer-white-rose-gold-1400w-motor-foldable-handle-2-heat-and-1-cool-setting-i130200127.html,Salon owner + home user who blow-dries weekly,Drying-time race vs a cheap dryer; noise + heat-damage proof,false,2
ETP-127,ikonic-professional-id-2-0-hair-dryer-stand,Ikonic Professional Id 2.0 Hair Dryer Stand,Ikonic,Hair Dryers,Traffic,D2C,3550,2574,,1625,27.5,2574,NO-NEPAL-LISTING,https://www.ikonicworld.com/products/ikonic-id-hair-dryer-stand-2-0,Salon owner + home user who blow-dries weekly,Drying-time race vs a cheap dryer; noise + heat-damage proof,false,2
ETP-128,hair-dryer-stand-black-d0013d-s,HAIR DRYER STAND BLACK D0013D-S,Ikonic,Hair Dryers,Traffic,D2C,3500,2538,,1600,27.5,2534,NO-NEPAL-LISTING,https://www.ikonicworld.com/products/hair-dryer-stand-black-d0013d-s,Salon owner + home user who blow-dries weekly,Drying-time race vs a cheap dryer; noise + heat-damage proof,false,2
ETP-129,ikonic-me-travel-express-hair-dryer,Ikonic Me Travel Express Hair Dryer,Ikonic,Hair Dryers,Traffic,D2C,2910,2110,,1333,27.5,2111,NO-NEPAL-LISTING,https://www.ikonicworld.com/products/ikonic-me-travel-express-hair-dryer,Salon owner + home user who blow-dries weekly,Drying-time race vs a cheap dryer; noise + heat-damage proof,false,2
ETP-130,ikonic-me-mini-vibe-hair-dryer,Ikonic Me Mini Vibe Hair Dryer,Ikonic,Hair Dryers,Traffic,D2C,2910,2110,,1333,27.5,2111,NO-NEPAL-LISTING,https://www.ikonicworld.com/products/ikonic-mini-vibe-hair-dryer,Salon owner + home user who blow-dries weekly,Drying-time race vs a cheap dryer; noise + heat-damage proof,false,2
ETP-131,ikonic-hair-dryer-diffuser-black,Ikonic Hair Dryer Diffuser Black,Ikonic,Hair Dryers,Traffic,D2C,2330,1689,,1068,27.5,1692,NO-NEPAL-LISTING,https://www.ikonicworld.com/products/ikonic-hair-dryer-diffuser-black,Salon owner + home user who blow-dries weekly,Drying-time race vs a cheap dryer; noise + heat-damage proof,false,2
ETP-132,ikonic-me-mini-speedy-hair-dryer,Ikonic Me Mini Speedy Hair Dryer,Ikonic,Hair Dryers,Traffic,D2C,1690,1225,,775,27.5,1228,NO-NEPAL-LISTING,https://www.ikonicworld.com/products/mini-speedy-hair-dryer,Salon owner + home user who blow-dries weekly,Drying-time race vs a cheap dryer; noise + heat-damage proof,false,2
ETP-133,ikonic-me-3-in-1-express-styler-hair-styler,Ikonic Me 3 in 1 Express Styler Hair Styler,Ikonic,Multi-Stylers,Traffic,D2C,5250,3806,5250,2178,27.5,3450,VERIFIED,https://www.daraz.com.np/products/ikonic-me-3-in-1-express-styler-hair-styler-i503595140.html,First-tool buyer who wants dry + style in one,One tool replaces three; morning-routine time-lapse,false,2
ETP-134,ikonic-me-pedi-express-callus-remover,Ikonic Me Pedi Express Callus Remover,Ikonic,Multi-Stylers,Traffic,D2C,3050,2211,,1398,27.5,2214,NO-NEPAL-LISTING,https://www.ikonicworld.com/products/ikonic-me-pedi-express-callus-remover,First-tool buyer who wants dry + style in one,One tool replaces three; morning-routine time-lapse,false,2
ETP-135,ikonic-professional-pro-curl-hair-curler,Ikonic Professional Pro Curl Hair Curler,Ikonic,Curlers,Traffic,D2C,9370,6793,,4290,27.5,6795,NO-NEPAL-LISTING,https://www.ikonicworld.com/products/ikonic-pro-hair-curler-black,"Women 18-30, occasion styling, reels-driven",Trending-audio transformation reel; hold-test after 8 hours,false,2
ETP-136,ikonic-professional-pro-waver-large-hair-styler,Ikonic Professional Pro Waver Large Hair Styler,Ikonic,Curlers,Traffic,D2C,8780,6366,,4020,27.5,6368,NO-NEPAL-LISTING,https://www.ikonicworld.com/products/pro-waver-large,"Women 18-30, occasion styling, reels-driven",Trending-audio transformation reel; hold-test after 8 hours,false,2
ETP-137,ikonic-professional-hot-wand-2-0,Ikonic Professional Hot Wand 2.0,Ikonic,Curlers,Traffic,D2C,6880,4988,,3150,27.5,4990,NO-NEPAL-LISTING,https://www.ikonicworld.com/products/ikonic-professional-hot-wand-2-0,"Women 18-30, occasion styling, reels-driven",Trending-audio transformation reel; hold-test after 8 hours,false,2
ETP-138,ikonic-professional-curling-tong-2-0-hair-curler,Ikonic Professional Curling Tong 2.0 Hair Curler,Ikonic,Curlers,Traffic,D2C,6600,4785,6600,3115,27.5,4934,LIKELY-MATCH,https://www.daraz.com.np/products/ikonic-professional-curling-tong-black-golden-i133819976.html,"Women 18-30, occasion styling, reels-driven",Trending-audio transformation reel; hold-test after 8 hours,false,2
ETP-139,ikonic-professional-conical-tong-hair-curler,Ikonic Professional Conical Tong  Hair Curler,Ikonic,Curlers,Traffic,D2C,5900,4278,,2698,27.5,4274,NO-NEPAL-LISTING,https://www.ikonicworld.com/products/ikonic-conical-tong-hair-curler-cnt-19,"Women 18-30, occasion styling, reels-driven",Trending-audio transformation reel; hold-test after 8 hours,false,2
ETP-140,ikonic-professional-curling-tong-hair-curler,Ikonic Professional Curling Tong Hair Curler,Ikonic,Curlers,Traffic,D2C,6600,4785,6600,2400,27.5,3802,VERIFIED,https://www.daraz.com.np/products/ikonic-professional-curling-tong-black-golden-i133819976.html,"Women 18-30, occasion styling, reels-driven",Trending-audio transformation reel; hold-test after 8 hours,false,2
ETP-141,ikonic-me-curl-me-up-hair-styler,Ikonic Me Curl-me-up Hair Styler,Ikonic,Curlers,Traffic,D2C,4660,3378,,2135,27.5,3382,NO-NEPAL-LISTING,https://www.ikonicworld.com/products/ikonic-curl-me-up-19mm-grey,"Women 18-30, occasion styling, reels-driven",Trending-audio transformation reel; hold-test after 8 hours,false,2
ETP-142,ikonic-professional-pro-titanium-crimp-hair-crimper,Ikonic Professional Pro Titanium Crimp Hair Crimper,Ikonic,Crimpers,Traffic,D2C,9800,7105,9800,5250,27.5,8316,LIKELY-MATCH,https://www.daraz.com.np/products/ikonic-titanium-crimp-by-genuine-collection-i105580317.html,"Stylists and trend-followers, texture looks",Texture/volume transformation; festival hairstyle tutorial,false,2
ETP-143,ikonic-professional-pro-titanium-crimp-emerald-hair-crimper,Ikonic Professional Pro Titanium Crimp Emerald Hair Crimper,Ikonic,Crimpers,Traffic,D2C,9800,7105,9800,5250,27.5,8316,LIKELY-MATCH,https://www.daraz.com.np/products/ikonic-titanium-crimp-by-genuine-collection-i105580317.html,"Stylists and trend-followers, texture looks",Texture/volume transformation; festival hairstyle tutorial,false,2
ETP-144,ikonic-professional-slim-titanium-crimp-2-0-hair-crimper,Ikonic Professional Slim Titanium Crimp 2.0 Hair Crimper,Ikonic,Crimpers,Traffic,D2C,8880,6438,8880,4900,27.5,7762,LIKELY-MATCH,https://www.daraz.com.np/products/ikonic-professional-titanium-hair-slim-crimper-styler-i125583057.html,"Stylists and trend-followers, texture looks",Texture/volume transformation; festival hairstyle tutorial,false,2
ETP-145,ikonic-professional-super-crimper-hair-styler,Ikonic Professional Super Crimper Hair Styler,Ikonic,Crimpers,Traffic,D2C,6880,4988,,3150,27.5,4990,NO-NEPAL-LISTING,https://www.ikonicworld.com/products/ikonic-super-crimper,"Stylists and trend-followers, texture looks",Texture/volume transformation; festival hairstyle tutorial,false,2
ETP-146,ikonic-professional-crimp-style-hair-styler,Ikonic Professional Crimp & Style Hair Styler,Ikonic,Crimpers,Traffic,D2C,6120,4437,,2800,27.5,4435,NO-NEPAL-LISTING,https://www.ikonicworld.com/products/ikonic-crimp-style-hair-crimper-purple-black,"Stylists and trend-followers, texture looks",Texture/volume transformation; festival hairstyle tutorial,false,2
ETP-147,ikonic-me-xtreme-crimp-hair-styler,Ikonic Me Xtreme Crimp Hair Styler,Ikonic,Crimpers,Traffic,D2C,4800,3480,4800,2438,27.5,3862,VERIFIED,https://www.daraz.com.np/products/ikonic-me-xtreme-crimp-hair-crimper-silver-by-ikonic-i1544752819.html,"Stylists and trend-followers, texture looks",Texture/volume transformation; festival hairstyle tutorial,false,2
ETP-148,ikonic-professional-pro-master-hair-clipper,Ikonic Professional Pro Master Hair Clipper,Ikonic,Grooming,Traffic,D2C,7950,5764,,3639,27.5,5764,NO-NEPAL-LISTING,https://www.ikonicworld.com/products/pro-master-hair-clipper,"Home user, gifting, male grooming",Before/after in 15s; gifting angle for festivals,false,2
ETP-149,ikonic-professional-pro-trim-hair-trimmer,Ikonic Professional Pro Trim Hair Trimmer,Ikonic,Grooming,Traffic,D2C,7860,5698,,3600,27.5,5702,NO-NEPAL-LISTING,https://www.ikonicworld.com/products/ikonic-pro-trim-hair-trimmer,"Home user, gifting, male grooming",Before/after in 15s; gifting angle for festivals,false,2
ETP-150,ikonic-professional-neo-hair-trimmer,Ikonic Professional Neo Hair Trimmer,Ikonic,Grooming,Traffic,D2C,5110,3705,,2340,27.5,3707,NO-NEPAL-LISTING,https://www.ikonicworld.com/products/neo-hair-trimmer,"Home user, gifting, male grooming",Before/after in 15s; gifting angle for festivals,false,2
ETP-151,ikonic-professional-rio-hair-trimmer,Ikonic Professional Rio Hair Trimmer,Ikonic,Grooming,Traffic,D2C,3870,2806,,1770,27.5,2804,NO-NEPAL-LISTING,https://www.ikonicworld.com/products/ikonic-rio-trimmer-1,"Home user, gifting, male grooming",Before/after in 15s; gifting angle for festivals,false,2
ETP-152,ikonic-professional-bullet-hair-shaver,Ikonic Professional Bullet Hair Shaver,Ikonic,Grooming,Traffic,D2C,3440,2494,,1575,27.5,2495,NO-NEPAL-LISTING,https://www.ikonicworld.com/products/bullet-shaver,"Home user, gifting, male grooming",Before/after in 15s; gifting angle for festivals,false,2
ETP-153,ikonic-me-5-in-1-express-groomer-trimmer,Ikonic Me 5 in 1 Express Groomer Trimmer,Ikonic,Grooming,Traffic,D2C,5250,3806,5250,1430,27.5,2265,LIKELY-MATCH,https://www.daraz.com.np/products/ikonic-me-3-in-1-express-styler-hair-styler-i503595140.html,"Home user, gifting, male grooming",Before/after in 15s; gifting angle for festivals,false,2
ETP-154,ikonic-me-masterstroke-6-in-1-personal-groomer-with-sense-cut-duo-blad,"Ikonic Me Masterstroke 6-in-1 Personal Groomer with Sense-Cut Duo Blade, Grey",Ikonic,Grooming,Traffic,D2C,2980,2160,,1365,27.5,2162,NO-NEPAL-LISTING,https://www.ikonicworld.com/products/ikonic-me-masterstroke-personal-groomer,"Home user, gifting, male grooming",Before/after in 15s; gifting angle for festivals,false,2
ETP-155,ikonic-me-body-hygiene-trimmer,Ikonic Me Body & Hygiene Trimmer,Ikonic,Grooming,Traffic,D2C,2160,1566,,990,27.5,1568,NO-NEPAL-LISTING,https://www.ikonicworld.com/products/beard-and-body-trimmer-blue-black,"Home user, gifting, male grooming",Before/after in 15s; gifting angle for festivals,false,2
ETP-156,ikonic-me-unisex-3-in-1-personal-groomer-trimmer,Ikonic Me Unisex 3-in-1 Personal Groomer Trimmer,Ikonic,Grooming,Traffic,D2C,2130,1544,,975,27.5,1544,NO-NEPAL-LISTING,https://www.ikonicworld.com/products/ikonic-unisex-3-in-1-personal-groomer,"Home user, gifting, male grooming",Before/after in 15s; gifting angle for festivals,false,2
ETP-157,ikonic-me-groom-trim-trimmer,Ikonic Me Groom & Trim Trimmer,Ikonic,Grooming,Traffic,D2C,1560,1131,,715,27.5,1133,NO-NEPAL-LISTING,https://www.ikonicworld.com/products/groom-and-trim-trimmer-blue-black,"Home user, gifting, male grooming",Before/after in 15s; gifting angle for festivals,false,2
ETP-158,ikonic-professional-artistic-iktc-05-hair-cutting-scissor-6-inch,Ikonic Professional Artistic Iktc-05 Hair Cutting Scissor (6 Inch),Ikonic,Salon Tools,Attach,BOTH,14100,9165,,5785,35.0,9163,NO-NEPAL-LISTING,https://www.ikonicworld.com/products/ikonic-artistic-hair-cutting-scissor-iktc-05,Working stylist buying their own kit,Close-up craft shot; stylist testimonial,false,2
ETP-159,ikonic-professional-artistic-iktc-15-hair-cutting-scissor-5-5-inch,Ikonic Professional Artistic Iktc-15 Hair Cutting Scissor (5.5 Inch),Ikonic,Salon Tools,Attach,BOTH,14100,9165,,5785,35.0,9163,NO-NEPAL-LISTING,https://www.ikonicworld.com/products/ikonic-artistic-hair-cutting-scissor-iktc-15,Working stylist buying their own kit,Close-up craft shot; stylist testimonial,false,2
ETP-160,ikonic-professional-black-titanium-6-inch-hair-cutting-scissor,Ikonic Professional Black Titanium - 6 Inch Hair Cutting Scissor,Ikonic,Salon Tools,Attach,BOTH,13520,8788,,5550,35.0,8791,NO-NEPAL-LISTING,https://www.ikonicworld.com/products/ikonic-barber-titanium-scissors-t-6-0-ink-t,Working stylist buying their own kit,Close-up craft shot; stylist testimonial,false,2
ETP-161,ikonic-professional-titanium-t-5-5-ink-t-hair-cutting-scissor,Ikonic Professional Titanium T-5.5 Ink-T Hair Cutting Scissor,Ikonic,Salon Tools,Attach,BOTH,13520,8788,,5550,35.0,8791,NO-NEPAL-LISTING,https://www.ikonicworld.com/products/ikonic-professional-titanium-scissors-t5-5-ink-t,Working stylist buying their own kit,Close-up craft shot; stylist testimonial,false,2
ETP-162,ikonic-professional-artistic-iktc-03-hair-cutting-scissor-5-5-inch,Ikonic Professional Artistic Iktc-03 Hair Cutting Scissor (5.5 Inch),Ikonic,Salon Tools,Attach,BOTH,13460,8749,,5525,35.0,8752,NO-NEPAL-LISTING,https://www.ikonicworld.com/products/ikonic-artistic-hair-cutting-scissor-iktc-03,Working stylist buying their own kit,Close-up craft shot; stylist testimonial,false,2
ETP-163,ikonic-professional-e-series-7-inch-hair-barber-scissor,Ikonic Professional E Series - 7 Inch Hair Barber Scissor,Ikonic,Salon Tools,Attach,BOTH,11800,7670,,4843,35.0,7671,NO-NEPAL-LISTING,https://www.ikonicworld.com/products/ikonic-barber-scissor-ik-e70,Working stylist buying their own kit,Close-up craft shot; stylist testimonial,false,2
ETP-164,ikonic-professional-m-series-5-5-inch-hair-cutting-scissor,Ikonic Professional M Series - 5.5 Inch Hair Cutting Scissor,Ikonic,Salon Tools,Attach,BOTH,10890,7078,,4470,35.0,7080,NO-NEPAL-LISTING,https://www.ikonicworld.com/products/ikonic-hairdressing-scissor-ik-m55,Working stylist buying their own kit,Close-up craft shot; stylist testimonial,false,2
ETP-165,ikonic-professional-g-series-5-5-inch-hair-cutting-scissor,Ikonic Professional G Series - 5.5 Inch Hair Cutting Scissor,Ikonic,Salon Tools,Attach,BOTH,10450,6792,,4290,35.0,6795,NO-NEPAL-LISTING,https://www.ikonicworld.com/products/ikonic-barber-scissor-ik-g55,Working stylist buying their own kit,Close-up craft shot; stylist testimonial,false,2
ETP-166,ikonic-professional-pro-line-iktk-170-hair-cutting-scissor-5-5-inch,Ikonic Professional Pro Line Iktk-170 Hair Cutting Scissor (5.5 Inch),Ikonic,Salon Tools,Attach,BOTH,7680,4992,,3150,35.0,4990,NO-NEPAL-LISTING,https://www.ikonicworld.com/products/ikonic-pro-line-hair-cutting-scissor-iktk-170,Working stylist buying their own kit,Close-up craft shot; stylist testimonial,false,2
ETP-167,ikonic-scissor-f-1-series-7-inch,Ikonic Scissor F-1 Series - 7 inch,Ikonic,Salon Tools,Attach,BOTH,6890,4478,,2828,35.0,4480,NO-NEPAL-LISTING,https://www.ikonicworld.com/products/ikonic-barber-scissor-ik-f1-70,Working stylist buying their own kit,Close-up craft shot; stylist testimonial,false,2
ETP-168,ikonic-professional-pro-line-iktk-113-hair-cutting-scissor-6-inch,Ikonic Professional Pro Line Iktk-113 Hair Cutting Scissor (6 Inch),Ikonic,Salon Tools,Attach,BOTH,6420,4173,,2633,35.0,4171,NO-NEPAL-LISTING,https://www.ikonicworld.com/products/ikonic-pro-line-hair-cutting-scissor-iktk-113,Working stylist buying their own kit,Close-up craft shot; stylist testimonial,false,2
ETP-169,ikonic-professional-pro-line-iktk-118w-hair-cutting-scissor-5-5-inch,Ikonic Professional Pro Line Iktk-118W Hair Cutting Scissor (5.5 Inch),Ikonic,Salon Tools,Attach,BOTH,6420,4173,,2633,35.0,4171,NO-NEPAL-LISTING,https://www.ikonicworld.com/products/ikonic-pro-line-hair-cutting-scissor-iktk-118w,Working stylist buying their own kit,Close-up craft shot; stylist testimonial,false,2
ETP-170,ikonic-professional-pro-line-iktk-105f-hair-cutting-scissor-6-inch,Ikonic Professional Pro Line Iktk-105F Hair Cutting Scissor (6 Inch),Ikonic,Salon Tools,Attach,BOTH,6420,4173,,2633,35.0,4171,NO-NEPAL-LISTING,https://www.ikonicworld.com/products/ikonic-pro-line-hair-cutting-scissor-iktk-105f,Working stylist buying their own kit,Close-up craft shot; stylist testimonial,false,2
ETP-171,ikonic-professional-pro-basic-ikmr-205bt-hair-texturizing-scissor-5-5-,Ikonic Professional Pro Basic Ikmr-205BT Hair Texturizing Scissor (5.5 Inch),Ikonic,Salon Tools,Attach,BOTH,5710,3712,,2345,35.0,3714,NO-NEPAL-LISTING,https://www.ikonicworld.com/products/ikonic-pro-basic-hair-texturizing-scissor-ikmr-205bt,Working stylist buying their own kit,Close-up craft shot; stylist testimonial,false,2
ETP-172,ikonic-professional-b-series-5-5-inch-hair-cutting-scissor,Ikonic Professional B Series - 5.5 Inch Hair Cutting Scissor,Ikonic,Salon Tools,Attach,BOTH,5420,3523,,2226,35.0,3526,NO-NEPAL-LISTING,https://www.ikonicworld.com/products/ikonic-barber-scissor-ik-b55,Working stylist buying their own kit,Close-up craft shot; stylist testimonial,false,2
ETP-173,ikonic-professional-hair-cutting-scissor-f-155-series-5-5-inch,Ikonic Professional Hair Cutting Scissor F-155 Series - 5.5 Inch,Ikonic,Salon Tools,Attach,BOTH,5370,3490,,2205,35.0,3493,NO-NEPAL-LISTING,https://www.ikonicworld.com/products/ikonic-professional-barber-scissor-ik-f155,Working stylist buying their own kit,Close-up craft shot; stylist testimonial,false,2
ETP-174,ikonic-scissor-f-160-series-6-inch,Ikonic Scissor F-160 Series - 6 inch,Ikonic,Salon Tools,Attach,BOTH,4990,3244,,2048,35.0,3244,NO-NEPAL-LISTING,https://www.ikonicworld.com/products/ikonic-barber-scissor-ik-f160,Working stylist buying their own kit,Close-up craft shot; stylist testimonial,false,2
ETP-175,ikonic-professional-hair-dressing-scissor-ik-f150-5-inch,Ikonic Professional Hair dressing Scissor - Ik - F150 (5 Inch),Ikonic,Salon Tools,Attach,BOTH,4610,2996,,1890,35.0,2994,NO-NEPAL-LISTING,https://www.ikonicworld.com/products/ikonic-hairdressing-scissor-ik-f150,Working stylist buying their own kit,Close-up craft shot; stylist testimonial,false,2
ETP-176,ikonic-professional-a-50-series-5-inch-hair-cutting-scissor,Ikonic Professional  A-50 Series - 5 Inch Hair Cutting Scissor,Ikonic,Salon Tools,Attach,BOTH,3070,1996,,1260,35.0,1996,NO-NEPAL-LISTING,https://www.ikonicworld.com/products/ikonic-barber-scissor-a50,Working stylist buying their own kit,Close-up craft shot; stylist testimonial,false,2
ETP-177,ikonic-professional-a-60-series-6-inch-hair-cutting-scissor,Ikonic Professional A-60 Series - 6 Inch Hair Cutting Scissor,Ikonic,Salon Tools,Attach,BOTH,3070,1996,,1260,35.0,1996,NO-NEPAL-LISTING,https://www.ikonicworld.com/products/ikonic-hairdressing-scissor-a60,Working stylist buying their own kit,Close-up craft shot; stylist testimonial,false,2
ETP-178,ikonic-professional-s53-5-5-inch-hair-thinning-scissor,Ikonic Professional S53 - 5.5 Inch Hair Thinning Scissor,Ikonic,Salon Tools,Attach,BOTH,2980,1937,,1225,35.0,1940,NO-NEPAL-LISTING,https://www.ikonicworld.com/products/ikonic-professional-hair-scissor-ik-s53-thinning,Working stylist buying their own kit,Close-up craft shot; stylist testimonial,false,2
ETP-179,ikonic-professional-a-series-5-5-inch-hair-cutting-scissor,Ikonic Professional A Series - 5.5 Inch Hair Cutting Scissor,Ikonic,Salon Tools,Attach,BOTH,2820,1833,,1155,35.0,1830,NO-NEPAL-LISTING,https://www.ikonicworld.com/products/ikonic-professional-hairdressing-scissor-a55,Working stylist buying their own kit,Close-up craft shot; stylist testimonial,false,2
ETP-180,ikonic-professional-pro-razor-series-2,Ikonic Professional Pro Razor - Series 2,Ikonic,Salon Tools,Attach,BOTH,2050,1332,,840,35.0,1331,NO-NEPAL-LISTING,https://www.ikonicworld.com/products/ikonic-professional-pro-razor-series-2,Working stylist buying their own kit,Close-up craft shot; stylist testimonial,false,2
ETP-181,ikonic-professional-j-55-series-5-5-inch-hair-cutting-scissor,Ikonic Professional J 55 Series - 5.5 Inch Hair Cutting Scissor,Ikonic,Salon Tools,Attach,BOTH,1880,1222,,770,35.0,1220,NO-NEPAL-LISTING,https://www.ikonicworld.com/products/barber-scissor-ik-j55-5-5-inch,Working stylist buying their own kit,Close-up craft shot; stylist testimonial,false,2
ETP-182,ikonic-professional-j30-5-5-inch-thinning-scissor,Ikonic Professional  J30 - 5.5 Inch Thinning Scissor,Ikonic,Salon Tools,Attach,BOTH,1880,1222,,770,35.0,1220,NO-NEPAL-LISTING,https://www.ikonicworld.com/products/hair-thinnng-scissor-ik-j30,Working stylist buying their own kit,Close-up craft shot; stylist testimonial,false,2
ETP-183,ikonic-professional-pro-comb-set-set-of-8-pieces,Ikonic Professional Pro Comb Set- (Set of 8 Pieces) ,Ikonic,Brushes & Combs,Attach,BOTH,4260,2769,,1750,35.0,2772,NO-NEPAL-LISTING,https://www.ikonicworld.com/products/ikonic-professional-pro-comb-set-set-of-8-pieces,Add-on for every styling-tool buyer,Bundle with any dryer; blow-dry technique clip,false,2
ETP-184,ikonic-professional-hair-dressing-comb-set-set-of-10-pieces,Ikonic Professional Hair Dressing Comb Set- (Set of 10 Pieces),Ikonic,Brushes & Combs,Attach,BOTH,2560,1664,,1050,35.0,1663,NO-NEPAL-LISTING,https://www.ikonicworld.com/products/ikonic-professional-hair-dressing-comb-set-set-of-10-pieces,Add-on for every styling-tool buyer,Bundle with any dryer; blow-dry technique clip,false,2
ETP-185,ikonic-professional-ebony-extra-long-barrel-thermal-round-brush,Ikonic Professional Ebony Extra Long Barrel Thermal Round Brush,Ikonic,Brushes & Combs,Attach,BOTH,2390,1554,,980,35.0,1552,NO-NEPAL-LISTING,https://www.ikonicworld.com/products/ikonic-professional-extra-long-barrel-thermal-round-brush,Add-on for every styling-tool buyer,Bundle with any dryer; blow-dry technique clip,false,2
ETP-186,ikonic-professional-ebony-pro-paddle-hair-brush,Ikonic Professional Ebony Pro Paddle Hair Brush,Ikonic,Brushes & Combs,Attach,BOTH,2130,1384,,875,35.0,1386,NO-NEPAL-LISTING,https://www.ikonicworld.com/products/ikonic-professional-pro-paddle-hair-brush,Add-on for every styling-tool buyer,Bundle with any dryer; blow-dry technique clip,false,2
ETP-187,ikonic-professional-supremo-paddle-hair-brush,Ikonic Professional Supremo Paddle Hair Brush,Ikonic,Brushes & Combs,Attach,BOTH,1980,1287,,813,35.0,1288,NO-NEPAL-LISTING,https://www.ikonicworld.com/products/ikonic-big-paddle-brush-supremo,Add-on for every styling-tool buyer,Bundle with any dryer; blow-dry technique clip,false,2
ETP-188,ikonic-professional-ebony-vent-hair-brush,Ikonic Professional Ebony Vent Hair Brush,Ikonic,Brushes & Combs,Attach,BOTH,1790,1164,,735,35.0,1164,NO-NEPAL-LISTING,https://www.ikonicworld.com/products/ikonic-professional-vent-hair-brush,Add-on for every styling-tool buyer,Bundle with any dryer; blow-dry technique clip,false,2
ETP-189,ikonic-professional-titanium-thermal-hair-brush,Ikonic Professional Titanium Thermal Hair Brush,Ikonic,Brushes & Combs,Attach,BOTH,1720,1118,,705,35.0,1117,NO-NEPAL-LISTING,https://www.ikonicworld.com/products/ikonic-titanium-line-hair-brush-thb-25,Add-on for every styling-tool buyer,Bundle with any dryer; blow-dry technique clip,false,2
ETP-190,ikonic-me-sonic-jet-fan-dust-collector-grey,"Ikonic Me Sonic Jet Fan Dust Collector, Grey",Ikonic,Accessories,Attach,BOTH,8000,5200,,3283,35.0,5200,NO-NEPAL-LISTING,https://www.ikonicworld.com/products/ikonic-me-sonic-jet-fan-dust-collector-grey,Impulse add-on at checkout,Quick tips reel; bundle upsell at checkout,false,2
ETP-191,the-ultimate-blowout-beauty-kit,The Ultimate Blowout & Beauty Kit,Ikonic,Accessories,Attach,BOTH,7600,4940,,3118,35.0,4939,NO-NEPAL-LISTING,https://www.ikonicworld.com/products/the-ultimate-blowout-beauty-kit,Impulse add-on at checkout,Quick tips reel; bundle upsell at checkout,false,2
ETP-192,ikonic-hair-dressing-cutting-collar-black,Ikonic Hair Dressing Cutting Collar Black,Ikonic,Accessories,Attach,BOTH,3560,2314,,1460,35.0,2313,NO-NEPAL-LISTING,https://www.ikonicworld.com/products/ikonic-hair-dressing-cutting-collar-black,Impulse add-on at checkout,Quick tips reel; bundle upsell at checkout,false,2
ETP-193,ikonic-weighing-scale,Ikonic Weighing Scale,Ikonic,Accessories,Attach,BOTH,3540,2301,,1453,35.0,2302,NO-NEPAL-LISTING,https://www.ikonicworld.com/products/ikonic-weighing-scale,Impulse add-on at checkout,Quick tips reel; bundle upsell at checkout,false,2
ETP-194,ikonic-zen-relaxing-scalp-massager,Ikonic Zen Relaxing Scalp Massager,Ikonic,Accessories,Attach,BOTH,2950,1918,,1210,35.0,1917,NO-NEPAL-LISTING,https://www.ikonicworld.com/products/ikonic-zen-relaxing-scalp-massager,Impulse add-on at checkout,Quick tips reel; bundle upsell at checkout,false,2
ETP-195,hair-colour-master-tint-bowl-set-mix,Hair Colour Master Tint Bowl Set Mix,Ikonic,Accessories,Attach,BOTH,2240,1456,,919,35.0,1456,NO-NEPAL-LISTING,https://www.ikonicworld.com/products/hair-colour-master-tint-bowl-set-mix,Impulse add-on at checkout,Quick tips reel; bundle upsell at checkout,false,2
ETP-196,ikonic-color-master-tube-squeezer,Ikonic Color Master Tube Squeezer,Ikonic,Accessories,Attach,BOTH,2050,1332,,840,35.0,1331,NO-NEPAL-LISTING,https://www.ikonicworld.com/products/ikonic-color-master-tube-squeezer,Impulse add-on at checkout,Quick tips reel; bundle upsell at checkout,false,2
